payer_name,payer_alias,state_or_region,line_of_business,document_title,document_type,document_url,source_page_url,discovery_path,file_type,policy_number,effective_date,last_updated_date,http_status,content_hash_sha256,file_size_bytes,requires_auth,render_mode,extraction_method,confidence_score,scrape_timestamp_utc,notes
UPMC Health Plan,UPMC,PA,Multiple,Physician-Patient Communication Guidelines,other,https://www.upmchealthplan.com/docs/providers/physician_patient.pdf,https://www.upmchealthplan.com/providers/medical/resources/guidelines/quality-assurance,seed:upmchealthplan.com > robots.txt > seed_path:/providers/medical/resources > redirect:www.upmchealthplan.com > index:/providers/medical/resources > anchor[text~='Telehealth Guidelines'] > index:/providers/medical/resources/guidelines > anchor[text~='Learn About Quality Assurance Guidelines'] > index:/providers/medical/resources/guidelines/quality-assurance > anchor[href$='.pdf'],other,,,,404,,59296,N,static,css_selector,0.25,2026-09-06T09:50:42Z,non-200 response (HTTP 404); URL was discovered via anchor but did not serve a document; document could not be retrieved (http_status 404); row kept as evidence of the attempt
UPMC Health Plan,UPMC,PA,Multiple,Childhood Nutrition and Weight Management Services for Recipients Under 21 Years of Age,bulletin,https://www.upmchealthplan.com/docs/providers/childobesity_MAbulletin.pdf,https://www.upmchealthplan.com/providers/medical/resources/guidelines/epsdt-guidelines,seed:upmchealthplan.com > robots.txt > seed_path:/providers/medical/resources > redirect:www.upmchealthplan.com > index:/providers/medical/resources > anchor[text~='Telehealth Guidelines'] > index:/providers/medical/resources/guidelines > anchor[text~='Learn About EPSDT Clinical & Operatio...'] > index:/providers/medical/resources/guidelines/epsdt-guidelines > anchor[href$='.pdf'],other,,,,404,,59313,N,static,css_selector,0.25,2026-09-06T09:50:43Z,non-200 response (HTTP 404); URL was discovered via anchor but did not serve a document; document could not be retrieved (http_status 404); row kept as evidence of the attempt
UPMC Health Plan,UPMC,PA,Multiple,Autism Treatment Plan,other,https://www.upmchealthplan.com/docs/providers/Autism_Treatment_Plan.pdf,https://www.upmchealthplan.com/providers/medical/resources/forms/medical-pa,seed:upmchealthplan.com > robots.txt > seed_path:/providers/medical/resources > redirect:www.upmchealthplan.com > index:/providers/medical/resources > anchor[text~='Medical Prior Authorization'] > index:/providers/medical/resources/forms/medical-pa > anchor[href$='.pdf'],other,,,,404,,59308,N,static,css_selector,0.25,2026-09-06T09:50:43Z,non-200 response (HTTP 404); URL was discovered via anchor but did not serve a document; document could not be retrieved (http_status 404); row kept as evidence of the attempt
UPMC Health Plan,UPMC,PA,Multiple,Provider Satisfaction Results,other,https://www.upmchealthplan.com/docs/providers/Survey_Results.pdf,https://www.upmchealthplan.com/providers/medical/resources/guidelines/quality-assurance,seed:upmchealthplan.com > robots.txt > seed_path:/providers/medical/resources > redirect:www.upmchealthplan.com > index:/providers/medical/resources > anchor[text~='Telehealth Guidelines'] > index:/providers/medical/resources/guidelines > anchor[text~='Learn About Quality Assurance Guidelines'] > index:/providers/medical/resources/guidelines/quality-assurance > anchor[href$='.pdf'],other,,,,404,,59286,N,static,css_selector,0.25,2026-09-06T09:50:44Z,non-200 response (HTTP 404); URL was discovered via anchor but did not serve a document; document could not be retrieved (http_status 404); row kept as evidence of the attempt
UPMC Health Plan,UPMC,PA,Multiple,Minimum Data Set (MDS),other,https://www.upmchealthplan.com/docs/providers/MDS.pdf,https://www.upmchealthplan.com/providers/medical/resources/guidelines/quality-assurance,seed:upmchealthplan.com > robots.txt > seed_path:/providers/medical/resources > redirect:www.upmchealthplan.com > index:/providers/medical/resources > anchor[text~='Telehealth Guidelines'] > index:/providers/medical/resources/guidelines > anchor[text~='Learn About Quality Assurance Guidelines'] > index:/providers/medical/resources/guidelines/quality-assurance > anchor[href$='.pdf'],other,,,,404,,59254,N,static,css_selector,0.25,2026-09-06T09:50:45Z,non-200 response (HTTP 404); URL was discovered via anchor but did not serve a document; document could not be retrieved (http_status 404); row kept as evidence of the attempt
UPMC Health Plan,UPMC,PA,Commercial,informational presentation,other,https://www.upmchealthplan.com/docs/providers/Identifying_and_Reporting_Fraud_Waste_Abuse.pdf,https://www.upmchealthplan.com/providers/medical/resources/guidelines/quality-assurance,seed:upmchealthplan.com > robots.txt > seed_path:/providers/medical/resources > redirect:www.upmchealthplan.com > index:/providers/medical/resources > anchor[text~='Telehealth Guidelines'] > index:/providers/medical/resources/guidelines > anchor[text~='Learn About Quality Assurance Guidelines'] > index:/providers/medical/resources/guidelines/quality-assurance > anchor[href$='.pdf'],other,,,,404,,59373,N,static,css_selector,0.25,2026-09-06T09:50:47Z,non-200 response (HTTP 404); URL was discovered via anchor but did not serve a document; document could not be retrieved (http_status 404); row kept as evidence of the attempt
UPMC Health Plan,UPMC,PA,Multiple,CMS 1500 Form,other,https://www.upmchealthplan.com/docs/providers/CMS_1500_form.pdf,https://www.upmchealthplan.com/providers/medical/resources/guidelines/epsdt-guidelines,seed:upmchealthplan.com > robots.txt > seed_path:/providers/medical/resources > redirect:www.upmchealthplan.com > index:/providers/medical/resources > anchor[text~='Telehealth Guidelines'] > index:/providers/medical/resources/guidelines > anchor[text~='Learn About EPSDT Clinical & Operatio...'] > index:/providers/medical/resources/guidelines/epsdt-guidelines > anchor[href$='.pdf'],other,,,,404,,59283,N,static,css_selector,0.25,2026-09-06T09:50:48Z,non-200 response (HTTP 404); URL was discovered via anchor but did not serve a document; document could not be retrieved (http_status 404); row kept as evidence of the attempt
UPMC Health Plan,UPMC,PA,Multiple,Childhood Nutrition and Weight Management Services Reminder,other,https://www.upmchealthplan.com/docs/providers/PROMISE_provquicktip.pdf,https://www.upmchealthplan.com/providers/medical/resources/guidelines/epsdt-guidelines,seed:upmchealthplan.com > robots.txt > seed_path:/providers/medical/resources > redirect:www.upmchealthplan.com > index:/providers/medical/resources > anchor[text~='Telehealth Guidelines'] > index:/providers/medical/resources/guidelines > anchor[text~='Learn About EPSDT Clinical & Operatio...'] > index:/providers/medical/resources/guidelines/epsdt-guidelines > anchor[href$='.pdf'],other,,,,404,,59304,N,static,css_selector,0.25,2026-09-06T09:50:49Z,non-200 response (HTTP 404); URL was discovered via anchor but did not serve a document; document could not be retrieved (http_status 404); row kept as evidence of the attempt
UnitedHealthcare,UHC,National,Commercial,"Pharmacy Benefit Programs Drug List - Effective Sept. 1, 2026 - UnitedHealthcare Commercial",drug_list,https://www.uhcprovider.com/content/dam/provider/docs/public/resources/pharmacy/COMM-Pharmacy-Update-Prior-Auth-and-Coverage-Criteria.pdf,https://www.uhcprovider.com/en/resource-library/drug-lists-pharmacy.html,seed:uhcprovider.com > robots.txt > seed_path:/en/resource-library/drug-lists-pharmacy.html > redirect:www.uhcprovider.com > index:/en/resource-library/drug-lists-pharmacy.html > anchor[href$='.pdf'],pdf,,,,200,af308bf95a498e400cbbc9c9b84710b182e81a2ce167e4bf8537ecc83d5ce4c3,141992,N,static,css_selector|pdf_text,0.86,2026-09-06T09:50:22Z,
UnitedHealthcare,UHC,PA,Medicare,Changes to prior authorization requirement for Medicare Advantage outpatient therapy services - UnitedHealthcare Medicare Advantage plans,bulletin,https://www.uhcprovider.com/content/dam/provider/docs/public/prior-auth/pa-requirements/medicare/UHC-Medicare-Therapies-Prior-Auth-Expansion-Outpatient-Therapy.pdf,https://www.uhcprovider.com/en/prior-auth-advance-notification/adv-notification-plan-reqs.html,seed:uhcprovider.com > robots.txt > seed_path:/en/prior-auth-advance-notification.html > redirect:www.uhcprovider.com > index:/en/prior-auth-advance-notification.html > anchor[text~='Advance notification and prior author...'] > redirect:www.uhcprovider.com > index:/en/prior-auth-advance-notification/adv-notification-plan... > anchor[href$='.pdf'],pdf,,,,200,3007cf6520967dedaab8e7200ed2bd1a12934029723f46fea774a3117b218e0d,93977,N,static,css_selector|pdf_text,0.78,2026-09-06T09:50:23Z,
UnitedHealthcare,UHC,National,Commercial,Application of Desensitizing Medicaments and Resins – Dental Clinical Policy,medical_policy,https://www.uhcprovider.com/content/dam/provider/docs/public/policies/dental/application-medicaments-desensitizing-resins.pdf,https://www.uhcprovider.com/en/policies-protocols/dental-policies.html,seed:uhcprovider.com > robots.txt > seed_path:/en/policies-protocols.html > redirect:www.uhcprovider.com > index:/en/policies-protocols.html > anchor[text~='Dental Clinical Policies and Coverage...'] > redirect:www.uhcprovider.com > index:/en/policies-protocols/dental-policies.html > anchor[href$='.pdf'],pdf,DCP034.14,2025-11-01,,200,51f98593bd71515f7ac1f8bec6e367aeefede5b2cd0ad84c2adb364d6c97012c,255357,N,static,css_selector|pdf_text|regex,1.00,2026-09-06T09:50:23Z,
UnitedHealthcare,UHC,National,Commercial,"Bacterial, Viral, and Fungal Testing of Oral Infections – Dental Clinical Policy",medical_policy,https://www.uhcprovider.com/content/dam/provider/docs/public/policies/dental/bacterial-viral-testing.pdf,https://www.uhcprovider.com/en/policies-protocols/dental-policies.html,seed:uhcprovider.com > robots.txt > seed_path:/en/policies-protocols.html > redirect:www.uhcprovider.com > index:/en/policies-protocols.html > anchor[text~='Dental Clinical Policies and Coverage...'] > redirect:www.uhcprovider.com > index:/en/policies-protocols/dental-policies.html > anchor[href$='.pdf'],pdf,DCP039.12,2025-11-01,,200,27b1cfac8e208b5d2bc68d1a86d734e0c2477a063f408fd6df4962c9a8e6a8c2,223510,N,static,css_selector|pdf_text|regex,1.00,2026-09-06T09:50:26Z,
UnitedHealthcare,UHC,National,Commercial,Biologic Materials for Dental Indications – Dental Clinical Policy,medical_policy,https://www.uhcprovider.com/content/dam/provider/docs/public/policies/dental/bio-materials-soft-hard-tissue-regeneration.pdf,https://www.uhcprovider.com/en/policies-protocols/dental-policies.html,seed:uhcprovider.com > robots.txt > seed_path:/en/policies-protocols.html > redirect:www.uhcprovider.com > index:/en/policies-protocols.html > anchor[text~='Dental Clinical Policies and Coverage...'] > redirect:www.uhcprovider.com > index:/en/policies-protocols/dental-policies.html > anchor[href$='.pdf'],pdf,DCP047.05,2026-05-01,,200,ef84ce4d35e091cc27703433e8621f04d07bc8f04c05c2b6c94ff4f81b6791b0,480646,N,static,css_selector|pdf_text|regex,1.00,2026-09-06T09:50:26Z,
UnitedHealthcare,UHC,National,Commercial,Bone Replacement Grafts – Dental Clinical Policy,medical_policy,https://www.uhcprovider.com/content/dam/provider/docs/public/policies/dental/bone-replacement-grafts.pdf,https://www.uhcprovider.com/en/policies-protocols/dental-policies.html,seed:uhcprovider.com > robots.txt > seed_path:/en/policies-protocols.html > redirect:www.uhcprovider.com > index:/en/policies-protocols.html > anchor[text~='Dental Clinical Policies and Coverage...'] > redirect:www.uhcprovider.com > index:/en/policies-protocols/dental-policies.html > anchor[href$='.pdf'],pdf,DCP048.05,2026-05-01,,200,b5c88f347f2a1545fb652d1e038b9b3691f01c11c1e79c512a47b1d5ec90bf9f,252285,N,static,css_selector|pdf_text|regex,1.00,2026-09-06T09:50:27Z,
UnitedHealthcare,UHC,CT,Commercial,Cone Beam Computed Tomography – Dental Clinical Policy,medical_policy,https://www.uhcprovider.com/content/dam/provider/docs/public/policies/dental/imaging-svcs-cone-beam-ct.pdf,https://www.uhcprovider.com/en/policies-protocols/dental-policies.html,seed:uhcprovider.com > robots.txt > seed_path:/en/policies-protocols.html > redirect:www.uhcprovider.com > index:/en/policies-protocols.html > anchor[text~='Dental Clinical Policies and Coverage...'] > redirect:www.uhcprovider.com > index:/en/policies-protocols/dental-policies.html > anchor[href$='.pdf'],pdf,DCP044.08,2026-06-01,,200,8fb3032a267350a1adb3259ce08b8e89d87358389088fe3760424ccd5eb4c198,365687,N,static,css_selector|pdf_text|regex,1.00,2026-09-06T09:50:28Z,
UnitedHealthcare,UHC,National,Commercial,"Core Buildup, Post and Core, and Pin Retention – Dental Clinical Policy",medical_policy,https://www.uhcprovider.com/content/dam/provider/docs/public/policies/dental/core-buildup-post-core-pin-retention.pdf,https://www.uhcprovider.com/en/policies-protocols/dental-policies.html,seed:uhcprovider.com > robots.txt > seed_path:/en/policies-protocols.html > redirect:www.uhcprovider.com > index:/en/policies-protocols.html > anchor[text~='Dental Clinical Policies and Coverage...'] > redirect:www.uhcprovider.com > index:/en/policies-protocols/dental-policies.html > anchor[href$='.pdf'],pdf,DCP021.11,2026-05-01,,200,6b6f21b425e83c6f87189907e09430bae106f81a62eaff61d72ddd196bf5afd7,235124,N,static,css_selector|pdf_text|regex,1.00,2026-09-06T09:50:30Z,
UnitedHealthcare,UHC,National,Multiple,Coronal Splinting – Dental Clinical Policy,medical_policy,https://www.uhcprovider.com/content/dam/provider/docs/public/policies/dental/coronal-splinting.pdf,https://www.uhcprovider.com/en/policies-protocols/dental-policies.html,seed:uhcprovider.com > robots.txt > seed_path:/en/policies-protocols.html > redirect:www.uhcprovider.com > index:/en/policies-protocols.html > anchor[text~='Dental Clinical Policies and Coverage...'] > redirect:www.uhcprovider.com > index:/en/policies-protocols/dental-policies.html > anchor[href$='.pdf'],pdf,DCP011.14,2026-01-01,,200,cc052cf69ff5aa28a4fd6efc83d498daee7ea8ae244d63133dae39eef3dc911c,193636,N,static,css_selector|pdf_text|regex,1.00,2026-09-06T09:50:31Z,
UnitedHealthcare,UHC,National,Commercial,Dental Barrier Membrane Guided Tissue Regeneration – Dental Clinical Policy,medical_policy,https://www.uhcprovider.com/content/dam/provider/docs/public/policies/dental/dental-barrier-membrane-guided-tissue-regeneration.pdf,https://www.uhcprovider.com/en/policies-protocols/dental-policies.html,seed:uhcprovider.com > robots.txt > seed_path:/en/policies-protocols.html > redirect:www.uhcprovider.com > index:/en/policies-protocols.html > anchor[text~='Dental Clinical Policies and Coverage...'] > redirect:www.uhcprovider.com > index:/en/policies-protocols/dental-policies.html > anchor[href$='.pdf'],pdf,DCP045.10,2026-05-01,,200,bacca8528111d5c17324e61a786755183d902ddfd85954abc9a70ac2bf0c18dc,314759,N,static,css_selector|pdf_text|regex,1.00,2026-09-06T09:50:33Z,
UnitedHealthcare,UHC,National,Multiple,Dental Care Services in an Operating Room or Ambulatory Surgery Center – Dental Clinical Policy,medical_policy,https://www.uhcprovider.com/content/dam/provider/docs/public/policies/dental/dental-care-services-operating-room-ambulatory-surgery-center.pdf,https://www.uhcprovider.com/en/policies-protocols/dental-policies.html,seed:uhcprovider.com > robots.txt > seed_path:/en/policies-protocols.html > redirect:www.uhcprovider.com > index:/en/policies-protocols.html > anchor[text~='Dental Clinical Policies and Coverage...'] > redirect:www.uhcprovider.com > index:/en/policies-protocols/dental-policies.html > anchor[href$='.pdf'],pdf,DCP043.15,2026-05-01,,200,a834faf995d64b882da53d32460921154631515dcaab6f810949a14f55eb3afe,276269,N,static,css_selector|pdf_text|regex,1.00,2026-09-06T09:50:34Z,
UnitedHealthcare,UHC,National,Commercial,Dental Implant Placement and Treatment of Peri-Implant Defects/Disease – Dental Clinical Policy,medical_policy,https://www.uhcprovider.com/content/dam/provider/docs/public/policies/dental/implants.pdf,https://www.uhcprovider.com/en/policies-protocols/dental-policies.html,seed:uhcprovider.com > robots.txt > seed_path:/en/policies-protocols.html > redirect:www.uhcprovider.com > index:/en/policies-protocols.html > anchor[text~='Dental Clinical Policies and Coverage...'] > redirect:www.uhcprovider.com > index:/en/policies-protocols/dental-policies.html > anchor[href$='.pdf'],pdf,DCP007.16,2026-04-01,,200,4764dc0679819454b3f2efd61583fdcbadd259b2a4810878d16d7a1ed91b2ae1,240808,N,static,css_selector|pdf_text|regex,1.00,2026-09-06T09:50:35Z,
UnitedHealthcare,UHC,National,Commercial,Dental Implant Supported Prostheses – Dental Clinical Policy,medical_policy,https://www.uhcprovider.com/content/dam/provider/docs/public/policies/dental/dental-implant-supported-prostheses.pdf,https://www.uhcprovider.com/en/policies-protocols/dental-policies.html,seed:uhcprovider.com > robots.txt > seed_path:/en/policies-protocols.html > redirect:www.uhcprovider.com > index:/en/policies-protocols.html > anchor[text~='Dental Clinical Policies and Coverage...'] > redirect:www.uhcprovider.com > index:/en/policies-protocols/dental-policies.html > anchor[href$='.pdf'],pdf,DCP046.06,2026-04-01,,200,1807bbb93f8329351f8e52f3b007d22fb7ac390ef4b6dd2577599a5fd25294b6,243386,N,static,css_selector|pdf_text|regex,1.00,2026-09-06T09:50:37Z,
UnitedHealthcare,UHC,National,Commercial,Fixed Prosthodontics – Dental Clinical Policy,medical_policy,https://www.uhcprovider.com/content/dam/provider/docs/public/policies/dental/fixed-prosthodontics.pdf,https://www.uhcprovider.com/en/policies-protocols/dental-policies.html,seed:uhcprovider.com > robots.txt > seed_path:/en/policies-protocols.html > redirect:www.uhcprovider.com > index:/en/policies-protocols.html > anchor[text~='Dental Clinical Policies and Coverage...'] > redirect:www.uhcprovider.com > index:/en/policies-protocols/dental-policies.html > anchor[href$='.pdf'],pdf,DCP017.13,2025-11-01,,200,22d78dfdf366484c6e4ede0a4861b394ead4462636cbd57bc5acf0b43bd2a80c,248022,N,static,css_selector|pdf_text|regex,1.00,2026-09-06T09:50:39Z,
UnitedHealthcare,UHC,National,Multiple,Full Mouth Debridement – Dental Clinical Policy,medical_policy,https://www.uhcprovider.com/content/dam/provider/docs/public/policies/dental/full-mouth-debridement.pdf,https://www.uhcprovider.com/en/policies-protocols/dental-policies.html,seed:uhcprovider.com > robots.txt > seed_path:/en/policies-protocols.html > redirect:www.uhcprovider.com > index:/en/policies-protocols.html > anchor[text~='Dental Clinical Policies and Coverage...'] > redirect:www.uhcprovider.com > index:/en/policies-protocols/dental-policies.html > anchor[href$='.pdf'],pdf,DCP001.14,2026-09-01,,200,07667873f91f234425b12cd143645542c6805ffd9672d4b35603a5cc304c6278,191090,N,static,css_selector|pdf_text|regex,1.00,2026-09-06T09:50:40Z,
UnitedHealthcare,UHC,National,Multiple,General Anesthesia and Conscious Sedation Services – Dental Clinical Policy,medical_policy,https://www.uhcprovider.com/content/dam/provider/docs/public/policies/dental/general-anesthesia-conscious-sedation-svcs.pdf,https://www.uhcprovider.com/en/policies-protocols/dental-policies.html,seed:uhcprovider.com > robots.txt > seed_path:/en/policies-protocols.html > redirect:www.uhcprovider.com > index:/en/policies-protocols.html > anchor[text~='Dental Clinical Policies and Coverage...'] > redirect:www.uhcprovider.com > index:/en/policies-protocols/dental-policies.html > anchor[href$='.pdf'],pdf,DCP016.19,2026-09-01,,200,80276a0f6cb3d0ed14282aac831db9f4e344fe573b640254c2d387b9f2f0e08d,247766,N,static,css_selector|pdf_text|regex,1.00,2026-09-06T09:50:41Z,
UnitedHealthcare,UHC,National,Commercial,Genetic Testing for Oral Disease – Dental Clinical Policy,medical_policy,https://www.uhcprovider.com/content/dam/provider/docs/public/policies/dental/genetic-testing-oral-disease.pdf,https://www.uhcprovider.com/en/policies-protocols/dental-policies.html,seed:uhcprovider.com > robots.txt > seed_path:/en/policies-protocols.html > redirect:www.uhcprovider.com > index:/en/policies-protocols.html > anchor[text~='Dental Clinical Policies and Coverage...'] > redirect:www.uhcprovider.com > index:/en/policies-protocols/dental-policies.html > anchor[href$='.pdf'],pdf,DCP036.11,2026-07-01,,200,abacc002597cf13a52dfd586e50afe910c0d5c4bd49af08bc12e28832670f47a,269041,N,static,css_selector|pdf_text|regex,1.00,2026-09-06T09:50:44Z,
UnitedHealthcare,UHC,National,Multiple,In-Office Drug Administration and Dispensing of Medications – Dental Clinical Policy,medical_policy,https://www.uhcprovider.com/content/dam/provider/docs/public/policies/dental/therapeutic-parenteral-drug-admin-in-office-dispensing-meds.pdf,https://www.uhcprovider.com/en/policies-protocols/dental-policies.html,seed:uhcprovider.com > robots.txt > seed_path:/en/policies-protocols.html > redirect:www.uhcprovider.com > index:/en/policies-protocols.html > anchor[text~='Dental Clinical Policies and Coverage...'] > redirect:www.uhcprovider.com > index:/en/policies-protocols/dental-policies.html > anchor[href$='.pdf'],pdf,DCP033.13,2026-07-01,,200,8bd827af6c9a13c6235fd308020f2247fb3e907422790c1fa9c79ea3c05c687e,290646,N,static,css_selector|pdf_text|regex,1.00,2026-09-06T09:50:45Z,
UnitedHealthcare,UHC,National,Multiple,Labial Veneers – Dental Clinical Policy,medical_policy,https://www.uhcprovider.com/content/dam/provider/docs/public/policies/dental/labial-veneers.pdf,https://www.uhcprovider.com/en/policies-protocols/dental-policies.html,seed:uhcprovider.com > robots.txt > seed_path:/en/policies-protocols.html > redirect:www.uhcprovider.com > index:/en/policies-protocols.html > anchor[text~='Dental Clinical Policies and Coverage...'] > redirect:www.uhcprovider.com > index:/en/policies-protocols/dental-policies.html > anchor[href$='.pdf'],pdf,DCP025.14,2026-08-01,,200,c45743b8cb13c0821d496ffc02c2324fa17e34a7e7c98d7cb77da2a0a149d5b4,213710,N,static,css_selector|pdf_text|regex,1.00,2026-09-06T09:50:45Z,
UnitedHealthcare,UHC,National,Commercial,Medically Necessary Orthodontic Treatment – Dental Clinical Policy,medical_policy,https://www.uhcprovider.com/content/dam/provider/docs/public/policies/dental/medically-necessary-orthodontic-treatment.pdf,https://www.uhcprovider.com/en/policies-protocols/dental-policies.html,seed:uhcprovider.com > robots.txt > seed_path:/en/policies-protocols.html > redirect:www.uhcprovider.com > index:/en/policies-protocols.html > anchor[text~='Dental Clinical Policies and Coverage...'] > redirect:www.uhcprovider.com > index:/en/policies-protocols/dental-policies.html > anchor[href$='.pdf'],pdf,DCP003.17,2026-04-01,,200,b8b2cdf8073ded887b125971c18bff94a7af555d428c43b649a96c3b39809406,269217,N,static,css_selector|pdf_text|regex,1.00,2026-09-06T09:50:46Z,
UnitedHealthcare,UHC,National,Multiple,Miscellaneous Diagnostic Procedures – Dental Clinical Policy,medical_policy,https://www.uhcprovider.com/content/dam/provider/docs/public/policies/dental/miscellaneous-diagnostic-procedures.pdf,https://www.uhcprovider.com/en/policies-protocols/dental-policies.html,seed:uhcprovider.com > robots.txt > seed_path:/en/policies-protocols.html > redirect:www.uhcprovider.com > index:/en/policies-protocols.html > anchor[text~='Dental Clinical Policies and Coverage...'] > redirect:www.uhcprovider.com > index:/en/policies-protocols/dental-policies.html > anchor[href$='.pdf'],pdf,DCP040.11,2026-01-01,,200,6627724c9afb10c768309a7c0b861226d3668b3b4e0c5121138f519fcb122ad3,354404,N,static,css_selector|pdf_text|regex,1.00,2026-09-06T09:50:47Z,
UnitedHealthcare,UHC,National,Commercial,Non-Ionizing Diagnostic Procedures – Dental Clinical Policy,medical_policy,https://www.uhcprovider.com/content/dam/provider/docs/public/policies/dental/non-ionizing-diagnostic-procedures.pdf,https://www.uhcprovider.com/en/policies-protocols/dental-policies.html,seed:uhcprovider.com > robots.txt > seed_path:/en/policies-protocols.html > redirect:www.uhcprovider.com > index:/en/policies-protocols.html > anchor[text~='Dental Clinical Policies and Coverage...'] > redirect:www.uhcprovider.com > index:/en/policies-protocols/dental-policies.html > anchor[href$='.pdf'],pdf,N-IONIZING,2026-01-01,,200,5b79d4dbea21c63ebc489ab6895e21c8b8b5b55846b063c1bfe19284205e8922,248938,N,static,css_selector|pdf_text|regex,1.00,2026-09-06T09:50:49Z,
UnitedHealthcare,UHC,National,Commercial,Non-Surgical Endodontics – Dental Clinical Policy,medical_policy,https://www.uhcprovider.com/content/dam/provider/docs/public/policies/dental/non-surgical-endodontics.pdf,https://www.uhcprovider.com/en/policies-protocols/dental-policies.html,seed:uhcprovider.com > robots.txt > seed_path:/en/policies-protocols.html > redirect:www.uhcprovider.com > index:/en/policies-protocols.html > anchor[text~='Dental Clinical Policies and Coverage...'] > redirect:www.uhcprovider.com > index:/en/policies-protocols/dental-policies.html > anchor[href$='.pdf'],pdf,N-SURGICAL,2026-05-01,,200,bb4fb2060895052affa9f85be869fb5dc808aa7804130d2fb40dee079b027404,246032,N,static,css_selector|pdf_text|regex,1.00,2026-09-06T09:50:49Z,collapsed 2 near-duplicate URL(s) under the 'policy_number' rule (e.g. https://www.uhcprovider.com/content/dam/provider/docs/public/policies/dental/non-surgical-extractions.pdf)
UnitedHealthcare,UHC,National,Multiple,Occlusal Guards – Dental Clinical Policy,medical_policy,https://www.uhcprovider.com/content/dam/provider/docs/public/policies/dental/occlusal-guards.pdf,https://www.uhcprovider.com/en/policies-protocols/dental-policies.html,seed:uhcprovider.com > robots.txt > seed_path:/en/policies-protocols.html > redirect:www.uhcprovider.com > index:/en/policies-protocols.html > anchor[text~='Dental Clinical Policies and Coverage...'] > redirect:www.uhcprovider.com > index:/en/policies-protocols/dental-policies.html > anchor[href$='.pdf'],pdf,DCP019.13,2026-01-01,,200,01a361f2cfaf51291dc93bfe529c46bd59501f42978f899a6a3345104a69ea1f,197995,N,static,css_selector|pdf_text|regex,1.00,2026-09-06T09:50:54Z,
UnitedHealthcare,UHC,National,Commercial,Oral Surgery: Alveoloplasty and Vestibuloplasty – Dental Clinical Policy,medical_policy,https://www.uhcprovider.com/content/dam/provider/docs/public/policies/dental/oral-surgery-alveoloplasty-vestibuloplasty.pdf,https://www.uhcprovider.com/en/policies-protocols/dental-policies.html,seed:uhcprovider.com > robots.txt > seed_path:/en/policies-protocols.html > redirect:www.uhcprovider.com > index:/en/policies-protocols.html > anchor[text~='Dental Clinical Policies and Coverage...'] > redirect:www.uhcprovider.com > index:/en/policies-protocols/dental-policies.html > anchor[href$='.pdf'],pdf,DCP028.13,2026-09-01,,200,9a145c06d428575bc8aaaf5a396aa700e4afaa935c8c0408dd960bae88d9ebcf,208135,N,static,css_selector|pdf_text|regex,1.00,2026-09-06T09:50:55Z,
UnitedHealthcare,UHC,National,Commercial,Oral Surgery: Miscellaneous Surgical Procedures – Dental Clinical Policy,medical_policy,https://www.uhcprovider.com/content/dam/provider/docs/public/policies/dental/oral-surgery-miscellaneous-surgical-procedures.pdf,https://www.uhcprovider.com/en/policies-protocols/dental-policies.html,seed:uhcprovider.com > robots.txt > seed_path:/en/policies-protocols.html > redirect:www.uhcprovider.com > index:/en/policies-protocols.html > anchor[text~='Dental Clinical Policies and Coverage...'] > redirect:www.uhcprovider.com > index:/en/policies-protocols/dental-policies.html > anchor[href$='.pdf'],pdf,DCP027.15,2026-08-01,,200,6533d310c3ab63b3e4fb18ab0e5380bd60f32e0990d41fa0780850d3bae829ef,314546,N,static,css_selector|pdf_text|regex,1.00,2026-09-06T09:50:55Z,
UnitedHealthcare,UHC,National,Commercial,Oral Surgery: Non-Pathologic Excisional Procedures – Dental Clinical Policy,medical_policy,https://www.uhcprovider.com/content/dam/provider/docs/public/policies/dental/oral-surgery-non-pathologic-excisional-procedures.pdf,https://www.uhcprovider.com/en/policies-protocols/dental-policies.html,seed:uhcprovider.com > robots.txt > seed_path:/en/policies-protocols.html > redirect:www.uhcprovider.com > index:/en/policies-protocols.html > anchor[text~='Dental Clinical Policies and Coverage...'] > redirect:www.uhcprovider.com > index:/en/policies-protocols/dental-policies.html > anchor[href$='.pdf'],pdf,DCP029.13,2025-10-01,,200,9f5fab38635af0cb4cae727ac8cf51019128d8790b28d08416885da7588b3742,253684,N,static,css_selector|pdf_text|regex,1.00,2026-09-06T09:50:57Z,
UnitedHealthcare,UHC,National,Multiple,Oral Surgery: Orthodontic Related Procedures – Dental Clinical Policy,medical_policy,https://www.uhcprovider.com/content/dam/provider/docs/public/policies/dental/oral-surgery-orthodontic-related-procedures.pdf,https://www.uhcprovider.com/en/policies-protocols/dental-policies.html,seed:uhcprovider.com > robots.txt > seed_path:/en/policies-protocols.html > redirect:www.uhcprovider.com > index:/en/policies-protocols.html > anchor[text~='Dental Clinical Policies and Coverage...'] > redirect:www.uhcprovider.com > index:/en/policies-protocols/dental-policies.html > anchor[href$='.pdf'],pdf,DCP032.15,2026-09-01,,200,f2a35d58dfe697a01922852b6f9c99f391e93bfbf68d3d1c8c42b7733dfd818b,328589,N,static,css_selector|pdf_text|regex,1.00,2026-09-06T09:50:58Z,
UnitedHealthcare,UHC,National,Commercial,Other Restorative Procedures – Dental Clinical Policy,medical_policy,https://www.uhcprovider.com/content/dam/provider/docs/public/policies/dental/other-restorative-procedures.pdf,https://www.uhcprovider.com/en/policies-protocols/dental-policies.html,seed:uhcprovider.com > robots.txt > seed_path:/en/policies-protocols.html > redirect:www.uhcprovider.com > index:/en/policies-protocols.html > anchor[text~='Dental Clinical Policies and Coverage...'] > redirect:www.uhcprovider.com > index:/en/policies-protocols/dental-policies.html > anchor[href$='.pdf'],pdf,DCP024.14,2026-08-01,,200,b8eb65391211e942b57ad25f38d81a76d0793ff3b6d39b3dfd75a7dae47c18e9,204357,N,static,css_selector|pdf_text|regex,1.00,2026-09-06T09:51:00Z,
UnitedHealthcare,UHC,National,Commercial,Prefabricated Crowns – Dental Clinical Policy,medical_policy,https://www.uhcprovider.com/content/dam/provider/docs/public/policies/dental/prefabricated-crowns.pdf,https://www.uhcprovider.com/en/policies-protocols/dental-policies.html,seed:uhcprovider.com > robots.txt > seed_path:/en/policies-protocols.html > redirect:www.uhcprovider.com > index:/en/policies-protocols.html > anchor[text~='Dental Clinical Policies and Coverage...'] > redirect:www.uhcprovider.com > index:/en/policies-protocols/dental-policies.html > anchor[href$='.pdf'],pdf,DCP012.14,2026-05-01,,200,a2ff596b84615229fbfe0d9076088455516886724e4c976b9fb5ef7c55574fb5,254684,N,static,css_selector|pdf_text|regex,1.00,2026-09-06T09:51:02Z,
UnitedHealthcare,UHC,National,Commercial,Removable Prosthodontics – Dental Clinical Policy,medical_policy,https://www.uhcprovider.com/content/dam/provider/docs/public/policies/dental/removable-prosthodontics.pdf,https://www.uhcprovider.com/en/policies-protocols/dental-policies.html,seed:uhcprovider.com > robots.txt > seed_path:/en/policies-protocols.html > redirect:www.uhcprovider.com > index:/en/policies-protocols.html > anchor[text~='Dental Clinical Policies and Coverage...'] > redirect:www.uhcprovider.com > index:/en/policies-protocols/dental-policies.html > anchor[href$='.pdf'],pdf,DCP020.17,2026-01-01,,200,af6b4f8056bab9504e247b3cd846d0dbfd3418712b6fca4d2e937c08e332e1f6,246171,N,static,css_selector|pdf_text|regex,1.00,2026-09-06T09:51:04Z,
UnitedHealthcare,UHC,National,Multiple,Salivary Testing – Dental Clinical Policy,medical_policy,https://www.uhcprovider.com/content/dam/provider/docs/public/policies/dental/salivary-testing.pdf,https://www.uhcprovider.com/en/policies-protocols/dental-policies.html,seed:uhcprovider.com > robots.txt > seed_path:/en/policies-protocols.html > redirect:www.uhcprovider.com > index:/en/policies-protocols.html > anchor[text~='Dental Clinical Policies and Coverage...'] > redirect:www.uhcprovider.com > index:/en/policies-protocols/dental-policies.html > anchor[href$='.pdf'],pdf,DCP037.10,2026-01-01,,200,a7c20339ed88f79187adf3d2c96b7b5347c71c1f1dc222cd8aa7f0993c7f736c,364544,N,static,css_selector|pdf_text|regex,1.00,2026-09-06T09:51:05Z,
UnitedHealthcare,UHC,National,Commercial,Sealants and Hydroxyapatite Enamel Regeneration – Dental Clinical Policy,medical_policy,https://www.uhcprovider.com/content/dam/provider/docs/public/policies/dental/sealants.pdf,https://www.uhcprovider.com/en/policies-protocols/dental-policies.html,seed:uhcprovider.com > robots.txt > seed_path:/en/policies-protocols.html > redirect:www.uhcprovider.com > index:/en/policies-protocols.html > anchor[text~='Dental Clinical Policies and Coverage...'] > redirect:www.uhcprovider.com > index:/en/policies-protocols/dental-policies.html > anchor[href$='.pdf'],pdf,DCP026.13,2026-07-01,,200,1c66bfc0f48c3e2e226e7d5011215d9d1b5e21430505a92224e7afca2e980d91,221985,N,static,css_selector|pdf_text|regex,1.00,2026-09-06T09:51:06Z,
UnitedHealthcare,UHC,National,Commercial,Single Tooth Direct Restorations – Dental Clinical Policy,medical_policy,https://www.uhcprovider.com/content/dam/provider/docs/public/policies/dental/single-tooth-direct-restorations.pdf,https://www.uhcprovider.com/en/policies-protocols/dental-policies.html,seed:uhcprovider.com > robots.txt > seed_path:/en/policies-protocols.html > redirect:www.uhcprovider.com > index:/en/policies-protocols.html > anchor[text~='Dental Clinical Policies and Coverage...'] > redirect:www.uhcprovider.com > index:/en/policies-protocols/dental-policies.html > anchor[href$='.pdf'],pdf,DCP023.15,2026-05-01,,200,5efb91e1a6098d5417447adaa7608e0bba43a0da0ba27464589fa519872c273d,300139,N,static,css_selector|pdf_text|regex,1.00,2026-09-06T09:51:08Z,
UnitedHealthcare,UHC,National,Multiple,Single Tooth Indirect Restorations – Dental Clinical Policy,medical_policy,https://www.uhcprovider.com/content/dam/provider/docs/public/policies/dental/single-tooth-indirect-restorations.pdf,https://www.uhcprovider.com/en/policies-protocols/dental-policies.html,seed:uhcprovider.com > robots.txt > seed_path:/en/policies-protocols.html > redirect:www.uhcprovider.com > index:/en/policies-protocols.html > anchor[text~='Dental Clinical Policies and Coverage...'] > redirect:www.uhcprovider.com > index:/en/policies-protocols/dental-policies.html > anchor[href$='.pdf'],pdf,DCP008.16,2025-12-01,,200,bad99eefa4f06a0cddd5415c6ec71f2b4ed926d0703801559a880b3ba722d1e1,292147,N,static,css_selector|pdf_text|regex,1.00,2026-09-06T09:51:09Z,
UnitedHealthcare,UHC,National,Multiple,Space Maintenance – Dental Clinical Policy,medical_policy,https://www.uhcprovider.com/content/dam/provider/docs/public/policies/dental/space-maintenance.pdf,https://www.uhcprovider.com/en/policies-protocols/dental-policies.html,seed:uhcprovider.com > robots.txt > seed_path:/en/policies-protocols.html > redirect:www.uhcprovider.com > index:/en/policies-protocols.html > anchor[text~='Dental Clinical Policies and Coverage...'] > redirect:www.uhcprovider.com > index:/en/policies-protocols/dental-policies.html > anchor[href$='.pdf'],pdf,DCP035.11,2026-03-01,,200,d2ea6bd969356b442e89703715aab1fdd301c510975c788c52ee2a831606d8de,194812,N,static,css_selector|pdf_text|regex,1.00,2026-09-06T09:51:09Z,
UnitedHealthcare,UHC,National,Multiple,Surgical and Partial Extractions of Erupted Teeth and Removal of Retained Roots – Dental Clinical Policy,medical_policy,https://www.uhcprovider.com/content/dam/provider/docs/public/policies/dental/surgical-extraction-erupted-teeth-retained-roots.pdf,https://www.uhcprovider.com/en/policies-protocols/dental-policies.html,seed:uhcprovider.com > robots.txt > seed_path:/en/policies-protocols.html > redirect:www.uhcprovider.com > index:/en/policies-protocols.html > anchor[text~='Dental Clinical Policies and Coverage...'] > redirect:www.uhcprovider.com > index:/en/policies-protocols/dental-policies.html > anchor[href$='.pdf'],pdf,DCP005.13,2025-11-01,,200,dc547e2f73c37c5f4eabe0787258eb6cb92f1dfd753c2dd931f797363e7eb29a,241187,N,static,css_selector|pdf_text|regex,1.00,2026-09-06T09:51:11Z,
UnitedHealthcare,UHC,National,Commercial,Surgical Endodontics – Dental Clinical Policy,medical_policy,https://www.uhcprovider.com/content/dam/provider/docs/public/policies/dental/surgical-endodontics.pdf,https://www.uhcprovider.com/en/policies-protocols/dental-policies.html,seed:uhcprovider.com > robots.txt > seed_path:/en/policies-protocols.html > redirect:www.uhcprovider.com > index:/en/policies-protocols.html > anchor[text~='Dental Clinical Policies and Coverage...'] > redirect:www.uhcprovider.com > index:/en/policies-protocols/dental-policies.html > anchor[href$='.pdf'],pdf,DCP010.15,2026-05-01,,200,d6b471d62815f2bc682a43f91f09d83ab0a2a4d3d02d2479463f3aa4a56841b8,259770,N,static,css_selector|pdf_text|regex,1.00,2026-09-06T09:51:11Z,
UnitedHealthcare,UHC,National,Multiple,Surgical Extraction of Impacted Teeth – Dental Clinical Policy,medical_policy,https://www.uhcprovider.com/content/dam/provider/docs/public/policies/dental/surgical-extraction-impacted-teeth.pdf,https://www.uhcprovider.com/en/policies-protocols/dental-policies.html,seed:uhcprovider.com > robots.txt > seed_path:/en/policies-protocols.html > redirect:www.uhcprovider.com > index:/en/policies-protocols.html > anchor[text~='Dental Clinical Policies and Coverage...'] > redirect:www.uhcprovider.com > index:/en/policies-protocols/dental-policies.html > anchor[href$='.pdf'],pdf,DCP006.14,2026-03-01,,200,4465b5ee073e8b81abbb8f0de0acd6784e721804702678c108f04a7ca1228a4b,313828,N,static,css_selector|pdf_text|regex,1.00,2026-09-06T09:51:14Z,
UnitedHealthcare,UHC,National,Multiple,Surgical Periodontics: Mucogingival Procedures – Dental Clinical Policy,medical_policy,https://www.uhcprovider.com/content/dam/provider/docs/public/policies/dental/surgical-periodontics-mucogingival-procedures.pdf,https://www.uhcprovider.com/en/policies-protocols/dental-policies.html,seed:uhcprovider.com > robots.txt > seed_path:/en/policies-protocols.html > redirect:www.uhcprovider.com > index:/en/policies-protocols.html > anchor[text~='Dental Clinical Policies and Coverage...'] > redirect:www.uhcprovider.com > index:/en/policies-protocols/dental-policies.html > anchor[href$='.pdf'],pdf,DCP015.15,2026-03-01,,200,a3aa1ab04b6f82522bb7df5efd15d70aec5187a2948f6c724ff823b82d4e5a98,251080,N,static,css_selector|pdf_text|regex,1.00,2026-09-06T09:51:16Z,
UnitedHealthcare,UHC,National,Commercial,Surgical Periodontics: Resective Procedures – Dental Clinical Policy,medical_policy,https://www.uhcprovider.com/content/dam/provider/docs/public/policies/dental/surgical-periodontics-resective-procedures.pdf,https://www.uhcprovider.com/en/policies-protocols/dental-policies.html,seed:uhcprovider.com > robots.txt > seed_path:/en/policies-protocols.html > redirect:www.uhcprovider.com > index:/en/policies-protocols.html > anchor[text~='Dental Clinical Policies and Coverage...'] > redirect:www.uhcprovider.com > index:/en/policies-protocols/dental-policies.html > anchor[href$='.pdf'],pdf,DCP013.15,2026-05-01,,200,1133f9af388d74212f3299f0c725f079451b068a075c5d4ec41ef4d4b081729d,280511,N,static,css_selector|pdf_text|regex,1.00,2026-09-06T09:51:19Z,
UnitedHealthcare,UHC,National,Multiple,Topical Medicaments for Caries Prevention or Remineralization – Dental Clinical Policy,medical_policy,https://www.uhcprovider.com/content/dam/provider/docs/public/policies/dental/topical-med-caries-prevention-remineralization.pdf,https://www.uhcprovider.com/en/policies-protocols/dental-policies.html,seed:uhcprovider.com > robots.txt > seed_path:/en/policies-protocols.html > redirect:www.uhcprovider.com > index:/en/policies-protocols.html > anchor[text~='Dental Clinical Policies and Coverage...'] > redirect:www.uhcprovider.com > index:/en/policies-protocols/dental-policies.html > anchor[href$='.pdf'],pdf,DCP018.12,2026-05-01,,200,80b4afce53704b4e002fc78d0820704588dcdb4e3e230fe8d636577cd94f0ccb,332554,N,static,css_selector|pdf_text|regex,1.00,2026-09-06T09:51:18Z,
UnitedHealthcare,UHC,National,Commercial,National Standardized Dental Claim Review Guidelines (for Commercial Only) – Dental Review Guideline,medical_policy,https://www.uhcprovider.com/content/dam/provider/docs/public/policies/dental/dental-utilization-review-guideline.pdf,https://www.uhcprovider.com/en/policies-protocols/dental-policies.html,seed:uhcprovider.com > robots.txt > seed_path:/en/policies-protocols.html > redirect:www.uhcprovider.com > index:/en/policies-protocols.html > anchor[text~='Dental Clinical Policies and Coverage...'] > redirect:www.uhcprovider.com > index:/en/policies-protocols/dental-policies.html > anchor[href$='.pdf'],pdf,DRG042.21,2026-01-01,,200,f3968c7762bc9304924dec2d22a2227b75dc7bd22204b36f8cc67b55fa84e464,843743,N,static,css_selector|pdf_text|regex,0.93,2026-09-06T09:51:20Z,
UnitedHealthcare,UHC,National,Medicare,National Standardized Dental Claim Review Guidelines (for Medicare Only) – Dental Review Guideline,coverage_guideline,https://www.uhcprovider.com/content/dam/provider/docs/public/policies/dental/medicare-dental-utilization-review-guideline.pdf,https://www.uhcprovider.com/en/policies-protocols/dental-policies.html,seed:uhcprovider.com > robots.txt > seed_path:/en/policies-protocols.html > redirect:www.uhcprovider.com > index:/en/policies-protocols.html > anchor[text~='Dental Clinical Policies and Coverage...'] > redirect:www.uhcprovider.com > index:/en/policies-protocols/dental-policies.html > anchor[href$='.pdf'],pdf,DRG050.05,2026-01-01,,200,69bf812fff74c04c43fd8bae39ac2383271ba04d0473309413b28e246de75e97,793248,N,static,css_selector|pdf_text|regex,0.93,2026-09-06T09:51:19Z,
UnitedHealthcare,UHC,National,Multiple,Allogeneic Processed Thymus Tissue-agdc (Rethymic®) – Clinical Guideline,coverage_guideline,https://www.uhcprovider.com/content/dam/provider/docs/public/policies/clinical-guidelines/allogeneic-processed-thymus-tissue-agdc.pdf,https://www.uhcprovider.com/en/policies-protocols/clinical-guidelines.html,seed:uhcprovider.com > robots.txt > seed_path:/en/policies-protocols.html > redirect:www.uhcprovider.com > index:/en/policies-protocols.html > anchor[text~='Clinical Guidelines'] > redirect:www.uhcprovider.com > index:/en/policies-protocols/clinical-guidelines.html > anchor[href$='.pdf'],pdf,,2025-11-17,,200,6c62428e616afaf6ea25c34472c38ecf0c2e9f11cef88189c60acc599abea3d3,145502,N,static,css_selector|pdf_text|regex,0.94,2026-09-06T09:51:21Z,
UnitedHealthcare,UHC,National,Commercial,Asthma,coverage_guideline,https://www.uhcprovider.com/content/dam/provider/docs/public/policies/clinical-guidelines/asthma.pdf,https://www.uhcprovider.com/en/policies-protocols/clinical-guidelines.html,seed:uhcprovider.com > robots.txt > seed_path:/en/policies-protocols.html > redirect:www.uhcprovider.com > index:/en/policies-protocols.html > anchor[text~='Clinical Guidelines'] > redirect:www.uhcprovider.com > index:/en/policies-protocols/clinical-guidelines.html > anchor[href$='.pdf'],pdf,,,,200,acc64c89877c8d2385caede7c0cd88007eea9ba7ac2b3600d4a2869e59de2e2b,109747,N,static,css_selector|pdf_text,0.86,2026-09-06T09:51:21Z,
UnitedHealthcare,UHC,National,Multiple,Atrial Fibrillation – Clinical Guideline,coverage_guideline,https://www.uhcprovider.com/content/dam/provider/docs/public/policies/clinical-guidelines/atrial-fibrillation.pdf,https://www.uhcprovider.com/en/policies-protocols/clinical-guidelines.html,seed:uhcprovider.com > robots.txt > seed_path:/en/policies-protocols.html > redirect:www.uhcprovider.com > index:/en/policies-protocols.html > anchor[text~='Clinical Guidelines'] > redirect:www.uhcprovider.com > index:/en/policies-protocols/clinical-guidelines.html > anchor[href$='.pdf'],pdf,,,,200,dade3fef2945b240ea223fc421cb6aaa21191771792e5b0db58365160429731f,99996,N,static,css_selector|pdf_text,0.86,2026-09-06T09:51:23Z,
UnitedHealthcare,UHC,National,Multiple,Behavioral Health – Clinical Guideline,coverage_guideline,https://www.uhcprovider.com/content/dam/provider/docs/public/policies/clinical-guidelines/behavioral-health.pdf,https://www.uhcprovider.com/en/policies-protocols/clinical-guidelines.html,seed:uhcprovider.com > robots.txt > seed_path:/en/policies-protocols.html > redirect:www.uhcprovider.com > index:/en/policies-protocols.html > anchor[text~='Clinical Guidelines'] > redirect:www.uhcprovider.com > index:/en/policies-protocols/clinical-guidelines.html > anchor[href$='.pdf'],pdf,,,,200,30b48ad3df1a3e9b59fa7e461c64cca92a7d5c39fa3d9de31116e4c694a581e8,105161,N,static,css_selector|pdf_text,0.86,2026-09-06T09:51:23Z,
Cigna Healthcare,Cigna,National,Medicare,Formulario de revisión del Costo máximo permitido (MAC) (en inglés) [PDF],other,https://www.cigna.com/static/www-cigna-com/docs/health-care-providers/form-cigna-mac-appeal.pdf,https://www.cigna.com/es-us/health-care-providers/pharmacy/formulary-drug-lists,seed:cigna.com > robots.txt > seed_path:/health-care-providers/pharmacy/formulary-drug-lists > redirect:www.cigna.com > index:/health-care-providers/pharmacy/formulary-drug-lists > anchor[text~='Español'] > index:/es-us/health-care-providers/pharmacy/formulary-drug-lists > anchor[href$='.pdf'],pdf,,,,200,a9d1b4e70b53f1b311db76972c20f801e7e77cc44d0018926625252c615267ba,72783,N,static,css_selector|pdf_text,0.72,2026-09-06T09:50:19Z,redirected to https://legacy.cigna.com/static/www-cigna-com/docs/health-care-providers/form-cigna-mac-appeal.pdf
Cigna Healthcare,Cigna,National,Medicare,MAC Pricing Appeal Form - Providers,pa_form,https://www.cigna.com/static/www-cigna-com/docs/health-care-providers/form-provider-pricing-appeal-rev-12-21-15.pdf,https://www.cigna.com/es-us/health-care-providers/pharmacy/formulary-drug-lists,seed:cigna.com > robots.txt > seed_path:/health-care-providers/pharmacy/formulary-drug-lists > redirect:www.cigna.com > index:/health-care-providers/pharmacy/formulary-drug-lists > anchor[text~='Español'] > index:/es-us/health-care-providers/pharmacy/formulary-drug-lists > anchor[href$='.pdf'],pdf,,,,200,534b86e7cc0f88d32ae45b3d2127e0729f826b6ff004be33fb5319f21c8bdbfd,331560,N,static,css_selector|pdf_text,0.86,2026-09-06T09:50:19Z,redirected to https://legacy.cigna.com/static/www-cigna-com/docs/health-care-providers/form-provider-pricing-appeal-rev-12-21-15.pdf
Cigna Healthcare,Cigna,National,Multiple,Lista de medicamentos con receta de 3 niveles [PDF],formulary,https://www.cigna.com/static/www-cigna-com/es-us/docs/ifp/cigna-national-preferred-formulary-abridged.pdf,https://www.cigna.com/es-us/individuals-families/member-guide/prescription-drug-lists,seed:cigna.com > robots.txt > sitemap.xml > index:/es-us/individuals-families/member-guide/prescription-dru... > anchor[href$='.pdf'],pdf,,,,200,3050817fb75551164cbe3301dac6c922d6a98df75a5904d500af11af56c00402,106032,N,static,css_selector|pdf_text,0.86,2026-09-06T09:50:19Z,
Cigna Healthcare,Cigna,TX,Multiple,Texas - Summary of Formulary Benefits Flyer [PDF],formulary,https://www.cigna.com/static/www-cigna-com/docs/ifp/m-26-rx-tx-971335-texas-flyer.pdf,https://www.cigna.com/individuals-families/member-guide/prescription-drug-lists,seed:cigna.com > robots.txt > sitemap.xml > index:/individuals-families/member-guide/prescription-drug-lists > anchor[href$='.pdf'],pdf,,,,200,ef6588b9e6147b08bdd856f988e8c912c01fcdb6cc0b4b71edbd265989aa85da,106241,N,static,css_selector|pdf_text,0.86,2026-09-06T09:50:21Z,
Cigna Healthcare,Cigna,National,Commercial,3 Tier Abridged [PDF],formulary,https://www.cigna.com/static/www-cigna-com/docs/ifp/cigna-national-preferred-formulary-abridged.pdf,https://www.cigna.com/individuals-families/member-guide/prescription-drug-lists,seed:cigna.com > robots.txt > sitemap.xml > index:/individuals-families/member-guide/prescription-drug-lists > anchor[href$='.pdf'],pdf,,,,200,7bd749626418b4158af3f6280951f940d9c4fd0258d98780c043b0ec150b6a20,139762,N,static,css_selector|pdf_text,0.86,2026-09-06T09:50:21Z,
Cigna Healthcare,Cigna,National,Multiple,IFP Prescription Drug List Changes [PDF],drug_list,https://www.cigna.com/static/www-cigna-com/docs/ifp/m-26-rx-all-989894-2026-ifp-prescription-drug-list-changes.pdf,https://www.cigna.com/individuals-families/member-guide/prescription-drug-lists,seed:cigna.com > robots.txt > sitemap.xml > index:/individuals-families/member-guide/prescription-drug-lists > anchor[href$='.pdf'],pdf,,,,200,ac6b1f715ae2b03fe3e7ef1b0871bd2af8707f512f1de96f5f047dd839d22334,1287085,N,static,css_selector|pdf_text,0.86,2026-09-06T09:50:26Z,
Cigna Healthcare,Cigna,National,Multiple,Cigna Premiere 5 Tier Prescription Drug List AZ [PDF],formulary,https://www.cigna.com/static/www-cigna-com/docs/ifp/m-26-rx-az-989888-cigna-rx-premiere-5-tier-pdl.pdf,https://www.cigna.com/individuals-families/member-guide/prescription-drug-lists,seed:cigna.com > robots.txt > sitemap.xml > index:/individuals-families/member-guide/prescription-drug-lists > anchor[href$='.pdf'],pdf,,,2025-07-01,200,8a0e9e74303bf072c12c892ce897e2a96af0ad0814ac458fba12c16df33638c2,2712699,N,static,css_selector|pdf_text|regex,0.89,2026-09-06T09:50:29Z,
Cigna Healthcare,Cigna,National,Multiple,Cigna Essential 5 Tier Prescription Drug List CO [PDF],formulary,https://www.cigna.com/static/www-cigna-com/docs/ifp/m-26-rx-co-989873-cigna-rx-essential-5-tier-pdl.pdf,https://www.cigna.com/individuals-families/member-guide/prescription-drug-lists,seed:cigna.com > robots.txt > sitemap.xml > index:/individuals-families/member-guide/prescription-drug-lists > anchor[href$='.pdf'],pdf,,,2025-07-01,200,ceeb9a156cecfa6f9c9a20427d6abc1baa5ce2143da25debdd754250988e4b98,2633981,N,static,css_selector|pdf_text|regex,0.89,2026-09-06T09:50:34Z,
Cigna Healthcare,Cigna,National,Multiple,Cigna Plus 5 Tier Prescription Drug List FL [PDF],formulary,https://www.cigna.com/static/www-cigna-com/docs/ifp/m-26-rx-fl-989875-cigna-rx-plus-5-tier-pdl.pdf,https://www.cigna.com/individuals-families/member-guide/prescription-drug-lists,seed:cigna.com > robots.txt > sitemap.xml > index:/individuals-families/member-guide/prescription-drug-lists > anchor[href$='.pdf'],pdf,,,2025-07-01,200,edf8ce74cfb95892029da7817ec856a53983fa544f0b13d605b3efd22c40036d,2592513,N,static,css_selector|pdf_text|regex,0.89,2026-09-06T09:50:38Z,
Cigna Healthcare,Cigna,National,Exchange,Cigna Plus 5 Tier Prescription Drug List GA [PDF],formulary,https://www.cigna.com/static/www-cigna-com/docs/ifp/m-26-rx-ga-989876-cigna-rx-plus-5-tier-pdl.pdf,https://www.cigna.com/individuals-families/member-guide/prescription-drug-lists,seed:cigna.com > robots.txt > sitemap.xml > index:/individuals-families/member-guide/prescription-drug-lists > anchor[href$='.pdf'],pdf,,,2025-07-01,200,52974d2d520e57ff20b4439863a3fe7faec95e555b747115964c04c4aa997de4,2585419,N,static,css_selector|pdf_text|regex,0.89,2026-09-06T09:50:38Z,
Cigna Healthcare,Cigna,National,Multiple,Cigna Plus 5 Tier Prescription Drug List IL [PDF],formulary,https://www.cigna.com/static/www-cigna-com/docs/ifp/m-26-rx-il-989878-cigna-rx-plus-5-tier-pdl.pdf,https://www.cigna.com/individuals-families/member-guide/prescription-drug-lists,seed:cigna.com > robots.txt > sitemap.xml > index:/individuals-families/member-guide/prescription-drug-lists > anchor[href$='.pdf'],pdf,,,2025-07-01,200,465abc6edbcc3840a1432572ac7df1e885d33d8d0ef53248a1f97c802b11278c,3038125,N,static,css_selector|pdf_text|regex,0.89,2026-09-06T09:50:46Z,
Cigna Healthcare,Cigna,National,Multiple,Cigna Premiere 5 Tier Prescription Drug List IN [PDF],formulary,https://www.cigna.com/static/www-cigna-com/docs/ifp/m-26-rx-in-989890-cigna-rx-premiere-5-tier-pdl.pdf,https://www.cigna.com/individuals-families/member-guide/prescription-drug-lists,seed:cigna.com > robots.txt > sitemap.xml > index:/individuals-families/member-guide/prescription-drug-lists > anchor[href$='.pdf'],pdf,,,2025-07-01,200,b3983b3955e51c9a5130a9920831c8441018175de4347e70676c3fe6c419e301,2585025,N,static,css_selector|pdf_text|regex,0.89,2026-09-06T09:50:42Z,
Cigna Healthcare,Cigna,National,Multiple,Cigna Plus 5 Tier Prescription Drug List MS [PDF],formulary,https://www.cigna.com/static/www-cigna-com/docs/ifp/m-26-rx-ms-989880-cigna-rx-plus-5-tier-pdl.pdf,https://www.cigna.com/individuals-families/member-guide/prescription-drug-lists,seed:cigna.com > robots.txt > sitemap.xml > index:/individuals-families/member-guide/prescription-drug-lists > anchor[href$='.pdf'],pdf,,,2025-07-01,200,a8b4c6d8265dd7d194f3e5fd3483e375c9e8af5fc664f30f60d05293d45fd008,2702757,N,static,css_selector|pdf_text|regex,0.89,2026-09-06T09:50:41Z,
Cigna Healthcare,Cigna,National,Multiple,Cigna Plus 5 Tier Prescription Drug List NC [PDF],formulary,https://www.cigna.com/static/www-cigna-com/docs/ifp/m-26-rx-nc-989882-cigna-rx-plus-5-tier-pdl.pdf,https://www.cigna.com/individuals-families/member-guide/prescription-drug-lists,seed:cigna.com > robots.txt > sitemap.xml > index:/individuals-families/member-guide/prescription-drug-lists > anchor[href$='.pdf'],pdf,,,2025-07-01,200,1b4ef2235535a246c90adf4c017832d16a02b74da53b0bc99455ff22ade73d00,2616717,N,static,css_selector|pdf_text|regex,0.89,2026-09-06T09:50:43Z,
Cigna Healthcare,Cigna,National,Multiple,Cigna Plus 5 Tier Prescription Drug List TN [PDF],formulary,https://www.cigna.com/static/www-cigna-com/docs/ifp/m-26-rx-tn-989884-cigna-rx-plus-5-tier-pdl.pdf,https://www.cigna.com/individuals-families/member-guide/prescription-drug-lists,seed:cigna.com > robots.txt > sitemap.xml > index:/individuals-families/member-guide/prescription-drug-lists > anchor[href$='.pdf'],pdf,,,2025-07-01,200,79310522d7ef6b237645c6e522b87f21bedd05edc74a928af3dc332501a05f9d,2569076,N,static,css_selector|pdf_text|regex,0.89,2026-09-06T09:50:50Z,
Cigna Healthcare,Cigna,National,Multiple,Cigna Plus 5 Tier Prescription Drug List TX [PDF],formulary,https://www.cigna.com/static/www-cigna-com/docs/ifp/m-26-rx-tx-989886-cigna-rx-plus-5-tier-pdl.pdf,https://www.cigna.com/individuals-families/member-guide/prescription-drug-lists,seed:cigna.com > robots.txt > sitemap.xml > index:/individuals-families/member-guide/prescription-drug-lists > anchor[href$='.pdf'],pdf,,,2025-07-01,200,bdfb745594e226555d55ad8a9f4f6fedfef7bf686e8db1436d0ff872fc6649ca,2719709,N,static,css_selector|pdf_text|regex,0.89,2026-09-06T09:50:58Z,
Cigna Healthcare,Cigna,National,Commercial,Cigna Premiere 5 Tier Prescription Drug List VA [PDF],formulary,https://www.cigna.com/static/www-cigna-com/docs/ifp/m-26-rx-va-989892-cigna-rx-premiere-5-tier-pdl.pdf,https://www.cigna.com/individuals-families/member-guide/prescription-drug-lists,seed:cigna.com > robots.txt > sitemap.xml > index:/individuals-families/member-guide/prescription-drug-lists > anchor[href$='.pdf'],pdf,,,2025-07-01,200,353f51dc8037c9b4e1e8489824ed58989e3b302cde82712f4dffad3fd41a8141,2685984,N,static,css_selector|pdf_text|regex,0.89,2026-09-06T09:50:58Z,
Cigna Healthcare,Cigna,National,Multiple,Cigna Premiere 4 Tier Prescription Drug List AZ [PDF],formulary,https://www.cigna.com/static/www-cigna-com/docs/ifp/m-26-rx-az-989887-cigna-rx-premiere-4-tier-pdl.pdf,https://www.cigna.com/individuals-families/member-guide/prescription-drug-lists,seed:cigna.com > robots.txt > sitemap.xml > index:/individuals-families/member-guide/prescription-drug-lists > anchor[href$='.pdf'],pdf,,,2025-07-01,200,3c5ae78d10f29026d0c7332405409f950fd5885f7cc0990bcb4811cd705e85b1,2712947,N,static,css_selector|pdf_text|regex,0.89,2026-09-06T09:50:59Z,
Cigna Healthcare,Cigna,National,Multiple,Cigna Plus 4 Tier Prescription Drug List FL [PDF],formulary,https://www.cigna.com/static/www-cigna-com/docs/ifp/m-26-rx-fl-989874-cigna-rx-plus-4-tier-pdl.pdf,https://www.cigna.com/individuals-families/member-guide/prescription-drug-lists,seed:cigna.com > robots.txt > sitemap.xml > index:/individuals-families/member-guide/prescription-drug-lists > anchor[href$='.pdf'],pdf,,,2025-07-01,200,00d4f79c412b3501228cfb16e17edad606f47b0eedf65241b56635dc2cd06715,2591316,N,static,css_selector|pdf_text|regex,0.89,2026-09-06T09:51:04Z,
Cigna Healthcare,Cigna,National,Multiple,Cigna Plus 4 Tier Prescription Drug List IL [PDF],formulary,https://www.cigna.com/static/www-cigna-com/docs/ifp/m-26-rx-il-989877-cigna-rx-plus-4-tier-pdl.pdf,https://www.cigna.com/individuals-families/member-guide/prescription-drug-lists,seed:cigna.com > robots.txt > sitemap.xml > index:/individuals-families/member-guide/prescription-drug-lists > anchor[href$='.pdf'],pdf,,,2025-07-01,200,f03e70f8f8535a59d95d658a7b8ff55ce908ed311c2953c59648bbce78a8bd79,3057623,N,static,css_selector|pdf_text|regex,0.89,2026-09-06T09:51:02Z,
Cigna Healthcare,Cigna,National,Multiple,Cigna Premiere 4 Tier Prescription Drug List IN [PDF],formulary,https://www.cigna.com/static/www-cigna-com/docs/ifp/m-26-rx-in-989889-cigna-rx-premiere-4-tier-pdl.pdf,https://www.cigna.com/individuals-families/member-guide/prescription-drug-lists,seed:cigna.com > robots.txt > sitemap.xml > index:/individuals-families/member-guide/prescription-drug-lists > anchor[href$='.pdf'],pdf,,,2025-07-01,200,efddf2f4afd814851bd3b19db47160eb6c20b9e6d6c4c6169e6653b84f49dc47,2588806,N,static,css_selector|pdf_text|regex,0.89,2026-09-06T09:51:01Z,
Cigna Healthcare,Cigna,National,Multiple,Cigna Plus 4 Tier Prescription Drug List MS [PDF],formulary,https://www.cigna.com/static/www-cigna-com/docs/ifp/m-26-rx-ms-989879-cigna-rx-plus-4-tier-pdl.pdf,https://www.cigna.com/individuals-families/member-guide/prescription-drug-lists,seed:cigna.com > robots.txt > sitemap.xml > index:/individuals-families/member-guide/prescription-drug-lists > anchor[href$='.pdf'],pdf,,,2025-07-01,200,b020004ab588530994f7e310b4ed1f16fd6f992a9c4605f13cb9d2e854f170f5,2722228,N,static,css_selector|pdf_text|regex,0.89,2026-09-06T09:51:05Z,
Cigna Healthcare,Cigna,National,Multiple,Cigna Plus 4 Tier Prescription Drug List NC [PDF],formulary,https://www.cigna.com/static/www-cigna-com/docs/ifp/m-26-rx-nc-989881-cigna-rx-plus-4-tier-pdl.pdf,https://www.cigna.com/individuals-families/member-guide/prescription-drug-lists,seed:cigna.com > robots.txt > sitemap.xml > index:/individuals-families/member-guide/prescription-drug-lists > anchor[href$='.pdf'],pdf,,,2025-07-01,200,c422f8fba651bb3f9baa65078eb4bc9423d7fc94affb7ad0e89a92e43c970cc3,2613893,N,static,css_selector|pdf_text|regex,0.89,2026-09-06T09:51:06Z,
Cigna Healthcare,Cigna,National,Multiple,Cigna Plus 4 Tier Prescription Drug List TN [PDF],formulary,https://www.cigna.com/static/www-cigna-com/docs/ifp/m-26-rx-tn-989883-cigna-rx-plus-4-tier-pdl.pdf,https://www.cigna.com/individuals-families/member-guide/prescription-drug-lists,seed:cigna.com > robots.txt > sitemap.xml > index:/individuals-families/member-guide/prescription-drug-lists > anchor[href$='.pdf'],pdf,,,2025-07-01,200,a5883582c292c7898ef3c725811ef39c724550bbb585307b813017d7f58d20d6,2734735,N,static,css_selector|pdf_text|regex,0.89,2026-09-06T09:51:13Z,
Cigna Healthcare,Cigna,National,Multiple,Cigna Plus 4 Tier Prescription Drug List TX [PDF],formulary,https://www.cigna.com/static/www-cigna-com/docs/ifp/m-26-rx-tx-989885-cigna-rx-plus-4-tier-pdl.pdf,https://www.cigna.com/individuals-families/member-guide/prescription-drug-lists,seed:cigna.com > robots.txt > sitemap.xml > index:/individuals-families/member-guide/prescription-drug-lists > anchor[href$='.pdf'],pdf,,,2025-07-01,200,8be6cc210f392b2d2b4eaa4e044cd5438a9a85ab50a0cb6f56cadb0023e13f88,2714360,N,static,css_selector|pdf_text|regex,0.89,2026-09-06T09:51:14Z,
Cigna Healthcare,Cigna,National,Multiple,Cigna Essential 4 Tier Prescription Drug List VA [PDF],formulary,https://www.cigna.com/static/www-cigna-com/docs/ifp/m-26-rx-va-989891-cigna-rx-premiere-4-tier-pdl.pdf,https://www.cigna.com/individuals-families/member-guide/prescription-drug-lists,seed:cigna.com > robots.txt > sitemap.xml > index:/individuals-families/member-guide/prescription-drug-lists > anchor[href$='.pdf'],pdf,,,2025-07-01,200,4e68b6638f489bf8dfa6331db5712b84c43846304e0967df6fd99aa54aef589b,2684052,N,static,css_selector|pdf_text|regex,0.89,2026-09-06T09:51:14Z,
Cigna Healthcare,Cigna,AZ,Commercial,Arizona 5 Tier Pharmacy Drug List [PDF],formulary,https://www.cigna.com/static/www-cigna-com/docs/small-group/csg-26-rx-az-cigna-5-tier-pdl.pdf,https://www.cigna.com/individuals-families/member-guide/prescription-drug-lists,seed:cigna.com > robots.txt > sitemap.xml > index:/individuals-families/member-guide/prescription-drug-lists > anchor[href$='.pdf'],pdf,,,2025-07-01,200,1433ac62462f757509029c2170e45b6d6d212a792168be1f46eee1c56931447c,3798530,N,static,css_selector|pdf_text|regex,0.89,2026-09-06T09:51:16Z,
Cigna Healthcare,Cigna,GA,Commercial,Georgia 5 Tier Pharmacy Drug List [PDF],formulary,https://www.cigna.com/static/www-cigna-com/docs/small-group/csg-26-rx-ga-cigna-5-tier-pdl.pdf,https://www.cigna.com/individuals-families/member-guide/prescription-drug-lists,seed:cigna.com > robots.txt > sitemap.xml > index:/individuals-families/member-guide/prescription-drug-lists > anchor[href$='.pdf'],pdf,,,2025-07-01,200,ce02c8041904102a9be63fb9237055e21e4e7cbdeef25227626ece57570e56e7,3794778,N,static,css_selector|pdf_text|regex,0.89,2026-09-06T09:51:17Z,
Cigna Healthcare,Cigna,TN,Commercial,Tennessee 5 Tier Pharmacy Drug List [PDF],formulary,https://www.cigna.com/static/www-cigna-com/docs/small-group/csg-26-rx-tn-cigna-5-tier-pdl.pdf,https://www.cigna.com/individuals-families/member-guide/prescription-drug-lists,seed:cigna.com > robots.txt > sitemap.xml > index:/individuals-families/member-guide/prescription-drug-lists > anchor[href$='.pdf'],pdf,,,2025-07-01,200,20481c3684b0f261942d78af5ccd403b70bbbcb02d917d399c869029b66029d1,3367252,N,static,css_selector|pdf_text|regex,0.89,2026-09-06T09:51:18Z,
Cigna Healthcare,Cigna,National,Commercial,Preventive Drug List for Cigna Healthcare Small Group Plans [PDF],drug_list,https://www.cigna.com/static/www-cigna-com/docs/small-group/csg-26-rx-all-ga-tn-preventive-drug-list.pdf,https://www.cigna.com/individuals-families/member-guide/prescription-drug-lists,seed:cigna.com > robots.txt > sitemap.xml > index:/individuals-families/member-guide/prescription-drug-lists > anchor[href$='.pdf'],pdf,,,,200,5f854f306711387c6282fa7a68cb7bcd0060ab90eda597632943e4f35d98b654,858441,N,static,css_selector|pdf_text,0.86,2026-09-06T09:51:17Z,
Cigna Healthcare,Cigna,National,Exchange,PPACA No Cost-Share Preventive Drug List [PDF],drug_list,https://www.cigna.com/static/www-cigna-com/docs/ifp/hcr-prev-coverage-zero-dollar-ppaca-preventive.pdf,https://www.cigna.com/individuals-families/member-guide/prescription-drug-lists,seed:cigna.com > robots.txt > sitemap.xml > index:/individuals-families/member-guide/prescription-drug-lists > anchor[href$='.pdf'],pdf,,,,200,caab348e83b01901b6e758242911772263d23681693e2481a15a38a9b88bee8e,131436,N,static,css_selector|pdf_text,0.86,2026-09-06T09:51:16Z,
Cigna Healthcare,Cigna,National,Exchange,PPACA No Cost-Share Preventive Drug List (for the Cigna National Preferred Drug List) [PDF],formulary,https://www.cigna.com/static/www-cigna-com/docs/ifp/ppaca-zerodollar-prevcoverage-for-cnpf.pdf,https://www.cigna.com/individuals-families/member-guide/prescription-drug-lists,seed:cigna.com > robots.txt > sitemap.xml > index:/individuals-families/member-guide/prescription-drug-lists > anchor[href$='.pdf'],pdf,,,,200,ec18c111cf53db2a14e5be86ccba30cf512b1aa4477bf3abbbcd9bd14f0dacac,129942,N,static,css_selector|pdf_text,0.86,2026-09-06T09:51:21Z,
Cigna Healthcare,Cigna,National,Multiple,Preventive Generics Drug List [PDF],drug_list,https://www.cigna.com/static/www-cigna-com/docs/ifp/generic-preventive.pdf,https://www.cigna.com/individuals-families/member-guide/prescription-drug-lists,seed:cigna.com > robots.txt > sitemap.xml > index:/individuals-families/member-guide/prescription-drug-lists > anchor[href$='.pdf'],pdf,,,,200,608d2260fc3a45ed2b978f6f3e45680e90170d75905e7968eaf11818cfdceeaa,100806,N,static,css_selector|pdf_text,0.86,2026-09-06T09:51:21Z,
Cigna Healthcare,Cigna,National,Multiple,Preventive Generics Drug List – Standard (for the Cigna National Preferred Drug List) [PDF],formulary,https://www.cigna.com/static/www-cigna-com/docs/ifp/genericpreventive-standard-for-cnpf.pdf,https://www.cigna.com/individuals-families/member-guide/prescription-drug-lists,seed:cigna.com > robots.txt > sitemap.xml > index:/individuals-families/member-guide/prescription-drug-lists > anchor[href$='.pdf'],pdf,,,,200,cea24cb1dc49d4136288b9b977004a36df13990fd38bb5d64ae8ac0d6bfd9314,102543,N,static,css_selector|pdf_text,0.86,2026-09-06T09:51:22Z,
Cigna Healthcare,Cigna,National,Multiple,Preventive Generics Drug List – Standard Plus (for the Cigna National Preferred Drug List) [PDF],formulary,https://www.cigna.com/static/www-cigna-com/docs/ifp/genericpreventive-standardplus-for-cnpf.pdf,https://www.cigna.com/individuals-families/member-guide/prescription-drug-lists,seed:cigna.com > robots.txt > sitemap.xml > index:/individuals-families/member-guide/prescription-drug-lists > anchor[href$='.pdf'],pdf,,,,200,ef7d0f10c96296a6d019286729019ad5129001be1b91edee864cc59793b5d5b7,105080,N,static,css_selector|pdf_text,0.86,2026-09-06T09:51:23Z,
Cigna Healthcare,Cigna,National,Multiple,Preventive Generics and Preferred Brands Drug List (for the Cigna Standard and Performance Drug Lists) [PDF],drug_list,https://www.cigna.com/static/www-cigna-com/docs/ifp/prev-gen-and-pb-for-std-perf.pdf,https://www.cigna.com/individuals-families/member-guide/prescription-drug-lists,seed:cigna.com > robots.txt > sitemap.xml > index:/individuals-families/member-guide/prescription-drug-lists > anchor[href$='.pdf'],pdf,,,,200,ac3028ef3baf441b7b617696564cd823b2081b0652d6affbdcdfd1b4f5974735,112011,N,static,css_selector|pdf_text,0.86,2026-09-06T09:51:24Z,
Cigna Healthcare,Cigna,National,Multiple,Preventive Generics and Preferred Brands Drug List (for the Cigna Value and Advantage Drug Lists) [PDF],drug_list,https://www.cigna.com/static/www-cigna-com/docs/ifp/prev-gen-and-pb-for-value-adv.pdf,https://www.cigna.com/individuals-families/member-guide/prescription-drug-lists,seed:cigna.com > robots.txt > sitemap.xml > index:/individuals-families/member-guide/prescription-drug-lists > anchor[href$='.pdf'],pdf,,,,200,f2f105427642a2c5648181d0fe277fad9faf26b5fc67a3e310540ca623b2116d,111422,N,static,css_selector|pdf_text,0.86,2026-09-06T09:51:26Z,
Cigna Healthcare,Cigna,National,Multiple,Preventive Generics and Preferred Brands Drug List (for the Cigna Legacy (Standard) and Legacy (Performance) Drug Lists) [PDF],drug_list,https://www.cigna.com/static/www-cigna-com/docs/ifp/prev-gen-and-pb-for-legacy.pdf,https://www.cigna.com/individuals-families/member-guide/prescription-drug-lists,seed:cigna.com > robots.txt > sitemap.xml > index:/individuals-families/member-guide/prescription-drug-lists > anchor[href$='.pdf'],pdf,,,,200,4277fcf97fe6ebe8e931b7fd104a074418e3bda2d9c3d7ec9371af2b5a662ba1,112635,N,static,css_selector|pdf_text,0.86,2026-09-06T09:51:27Z,
Cigna Healthcare,Cigna,National,Multiple,All Preventives Drug List (for the Cigna Standard and Performance Drug Lists) [PDF],drug_list,https://www.cigna.com/static/www-cigna-com/docs/ifp/all-prev-std-perf.pdf,https://www.cigna.com/individuals-families/member-guide/prescription-drug-lists,seed:cigna.com > robots.txt > sitemap.xml > index:/individuals-families/member-guide/prescription-drug-lists > anchor[href$='.pdf'],pdf,,,,200,50c853d92f4df9653aed7e49d381cc0f10ab8639f993cecc5f5bd4559b3aa5c3,112445,N,static,css_selector|pdf_text,0.86,2026-09-06T09:51:28Z,
Cigna Healthcare,Cigna,National,Multiple,All Preventives Drug List (for the Cigna Legacy (Standard) and Legacy (Performance) Drug Lists) [PDF],drug_list,https://www.cigna.com/static/www-cigna-com/docs/ifp/all-prev-legacy.pdf,https://www.cigna.com/individuals-families/member-guide/prescription-drug-lists,seed:cigna.com > robots.txt > sitemap.xml > index:/individuals-families/member-guide/prescription-drug-lists > anchor[href$='.pdf'],pdf,,,,200,240dbd0e5de91a643be4be9c75d4ba7a7e990e5691b4c27b956f41bce9adf845,121504,N,static,css_selector|pdf_text,0.86,2026-09-06T09:51:29Z,
Cigna Healthcare,Cigna,National,Multiple,All Preventives Drug List (for the Cigna Value and Advantage Drug Lists) [PDF],drug_list,https://www.cigna.com/static/www-cigna-com/docs/ifp/all-prev-value-adv.pdf,https://www.cigna.com/individuals-families/member-guide/prescription-drug-lists,seed:cigna.com > robots.txt > sitemap.xml > index:/individuals-families/member-guide/prescription-drug-lists > anchor[href$='.pdf'],pdf,,,,200,0074b08efc7b0d2375cece5a5205fb68e11b462034a798575fd8fc4f42b8c011,112046,N,static,css_selector|pdf_text,0.86,2026-09-06T09:51:30Z,
Cigna Healthcare,Cigna,National,Multiple,All Preventives Drug List – Standard (for the Cigna National Preferred Drug List) [PDF],formulary,https://www.cigna.com/static/www-cigna-com/docs/ifp/all-prev-standard-for-cnpf.pdf,https://www.cigna.com/individuals-families/member-guide/prescription-drug-lists,seed:cigna.com > robots.txt > sitemap.xml > index:/individuals-families/member-guide/prescription-drug-lists > anchor[href$='.pdf'],pdf,,,,200,9b36791305d5c49a02d3c586e1a1243b60c8cb10de30c4b209eb949a22c8d559,135041,N,static,css_selector|pdf_text,0.86,2026-09-06T09:51:31Z,
Cigna Healthcare,Cigna,National,Multiple,All Preventives Drug List – Standard Plus (for the Cigna National Preferred Drug List) [PDF],formulary,https://www.cigna.com/static/www-cigna-com/docs/ifp/all-prev-standardplus-for-cnpf.pdf,https://www.cigna.com/individuals-families/member-guide/prescription-drug-lists,seed:cigna.com > robots.txt > sitemap.xml > index:/individuals-families/member-guide/prescription-drug-lists > anchor[href$='.pdf'],pdf,,,,200,cd12af76238ae5e87467d02d887103602efdc9867c8a48bac965eb53b6ec9b03,147925,N,static,css_selector|pdf_text,0.86,2026-09-06T09:51:33Z,
Cigna Healthcare,Cigna,National,Multiple,Preventive Generics and Preferred Brands Drug List - Standard (for the Cigna National Preferred Drug List) [PDF],formulary,https://www.cigna.com/static/www-cigna-com/docs/ifp/prev-gen-and-pb-standard-for-cnpf.pdf,https://www.cigna.com/individuals-families/member-guide/prescription-drug-lists,seed:cigna.com > robots.txt > sitemap.xml > index:/individuals-families/member-guide/prescription-drug-lists > anchor[href$='.pdf'],pdf,,,,200,c101661c281817a36db3ef28010573a9ab32ea94eef62687bd82ac4d3e67c7d8,121460,N,static,css_selector|pdf_text,0.86,2026-09-06T09:51:34Z,
Cigna Healthcare,Cigna,National,Multiple,Preventive Generics and Preferred Brands Drug List - Standard Plus (for the Cigna National Preferred Drug List) [PDF],formulary,https://www.cigna.com/static/www-cigna-com/docs/ifp/prev-gen-and-pb-standardplus-for-cnpf.pdf,https://www.cigna.com/individuals-families/member-guide/prescription-drug-lists,seed:cigna.com > robots.txt > sitemap.xml > index:/individuals-families/member-guide/prescription-drug-lists > anchor[href$='.pdf'],pdf,,,,200,feeef871cf2ba6e0aa1e771b95280eec39b98a65af29f0ac4c0d2f8312b3b57c,134429,N,static,css_selector|pdf_text,0.86,2026-09-06T09:51:34Z,
Cigna Healthcare,Cigna,National,Multiple,"Preventive Diabetes Supplies (for the Standard, Value, Performance, and Advantage Drug Lists) [PDF]",drug_list,https://www.cigna.com/static/www-cigna-com/docs/ifp/diabetic-supplies-std-val-per-adv.pdf,https://www.cigna.com/individuals-families/member-guide/prescription-drug-lists,seed:cigna.com > robots.txt > sitemap.xml > index:/individuals-families/member-guide/prescription-drug-lists > anchor[href$='.pdf'],pdf,,,,200,48a9c88ec51b014e98a48201675e5610d9abdd3b27be02a372039d33911f5ef8,81629,N,static,css_selector|pdf_text,0.86,2026-09-06T09:51:35Z,
Cigna Healthcare,Cigna,National,Multiple,Preventive Diabetes Supplies (for the Legacy Standard and Legacy Performance Drug Lists) [PDF],drug_list,https://www.cigna.com/static/www-cigna-com/docs/ifp/diabetic-supplies-legacy.pdf,https://www.cigna.com/individuals-families/member-guide/prescription-drug-lists,seed:cigna.com > robots.txt > sitemap.xml > index:/individuals-families/member-guide/prescription-drug-lists > anchor[href$='.pdf'],pdf,,,,200,4d383f6d6bad18e78e6114f74440e230b82b474e7247030f099f9081d693eb91,82988,N,static,css_selector|pdf_text,0.86,2026-09-06T09:51:36Z,
Cigna Healthcare,Cigna,National,Multiple,2026 Prescription Drug List Changes [PDF],drug_list,https://www.cigna.com/static/www-cigna-com/docs/2026-prescription-drug-list-changes.pdf,https://www.cigna.com/individuals-families/member-guide/prescription-drug-lists,seed:cigna.com > robots.txt > sitemap.xml > index:/individuals-families/member-guide/prescription-drug-lists > anchor[href$='.pdf'],pdf,,,,200,1e9e6c0c6b17840b15882586fd31aa5ed2d02b711d668496c7b5a6f60ad36218,2638427,N,static,css_selector|pdf_text,0.86,2026-09-06T09:51:41Z,
Cigna Healthcare,Cigna,National,Commercial,Copay Assurance Plan Drug List [PDF],drug_list,https://www.cigna.com/static/www-cigna-com/docs/copay-assurance-plan-drug-list.pdf,https://www.cigna.com/individuals-families/member-guide/prescription-drug-lists,seed:cigna.com > robots.txt > sitemap.xml > index:/individuals-families/member-guide/prescription-drug-lists > anchor[href$='.pdf'],pdf,,,,200,2d5a8e4dcd2594b254e1d095e0dd4ff68458aa51097b612843286032515430b6,241346,N,static,css_selector|pdf_text,0.86,2026-09-06T09:51:40Z,
Cigna Healthcare,Cigna,National,Commercial,CHCP - Resources - Coverage Policies,formulary,https://static.cigna.com/assets/chcp/resourceLibrary/coveragePolicies/index.html,https://www.cigna.com/health-care-providers/coverage-and-claims/policies,seed:cigna.com > robots.txt > seed_path:/health-care-providers/coverage-and-claims/policies > redirect:www.cigna.com > index:/health-care-providers/coverage-and-claims/policies > anchor[href],html,FOR,,,200,906641d737eae8a1d537054d38dc65102aec517ba147d0a8bd2244fd9cb1521e,17038,N,static,css_selector|regex,0.85,2026-09-06T09:51:37Z,
Highmark,Highmark,PA|WV|DE|NY,Medicare,Preferred Products for Medicare Advantage,medical_policy,https://providers.highmark.com/content/dam/highmark/en/providerresourcecenter/pdfs/all/documents/pdfs/policies-and-programs/medical-policies/preferred-products-for-medicare-advantage.pdf,https://securecms.highmark.com/content/medpolicy/en/highmark/pa/commercial/navigation/evicore-clinical-guidelines.html,seed:highmark.com > robots.txt > seed_path:https://securecms.highmark.com/content/medpolicy/en/highmark/pa/commercial.html > index:/content/medpolicy/en/highmark/pa/commercial.html > anchor[text~='Licensed Criteria'] > index:/content/medpolicy/en/highmark/pa/commercial/navigation/e... > anchor[href$='.pdf'],pdf,,,,200,dd9c7e4bb7c0bfd562b2b668f20e9900714fe3f987ec9ae42a0b5441e1e8284e,252887,N,static,css_selector|pdf_text,0.86,2026-09-06T09:51:58Z,
Highmark,Highmark,PA|WV|DE|NY,Commercial,Highmark Inc. Policy Protecting Competitively Sensitive Information,medical_policy,https://highmark.com/content/dam/digital-marketing/en/highmark/highmarkdotcom/pdfs/CSIPolicy.pdf,https://highmark.com/western-pennsylvania/medical-policy,seed:highmark.com > robots.txt > seed_path:/western-pennsylvania/medical-policy > index:/western-pennsylvania/medical-policy > anchor[href$='.pdf'],pdf,,,2017-01-23,200,6cec0aab331015274eef46d91b75b0f1d310c9ae3392cf4551c4f958f2aaa545,57118,N,static,css_selector|pdf_text|regex,0.89,2026-09-06T09:51:55Z,collapsed 1 near-duplicate URL(s) under the 'content_hash' rule (e.g. https://www.highmark.com/content/dam/digital-marketing/en/highmark/highmarkdotcom/pdfs/CSIPolicy.pdf)
Highmark,Highmark,PA|WV|DE|NY,Commercial,Highmark's Preferred Products for Oncology and Oncology Related Conditions,medical_policy,https://securecms.highmark.com/content/dam/medpolicy/en/highmark/evolent/HMK%20Preferred%20Products%20for%20Oncology%20.pdf,https://securecms.highmark.com/content/medpolicy/en/highmark/pa/commercial/navigation/evicore-clinical-guidelines.html,seed:highmark.com > robots.txt > seed_path:https://securecms.highmark.com/content/medpolicy/en/highmark/pa/commercial.html > index:/content/medpolicy/en/highmark/pa/commercial.html > anchor[text~='Licensed Criteria'] > index:/content/medpolicy/en/highmark/pa/commercial/navigation/e... > anchor[href$='.pdf'],pdf,,,,200,55418276822747b393e186b32842b850b8a8d827479d125b1aa8cf1932191454,175322,N,static,css_selector|pdf_text,0.81,2026-09-06T09:51:57Z,
